{"cameraMode":{"drawMode":0,"name":"Shaded","section":"Shading Mode"},"sceneLighting":true,"audioPlay":false,"sceneViewState":{"m_AlwaysRefresh":false,"showFog":true,"showSkybox":true,"showFlares":true,"showImageEffects":true,"showParticleSystems":true,"showVisualEffectGraphs":true,"m_FxEnabled":true},"in2DMode":false,"pivot":{"x":1.3005911111831666,"y":1.1785093545913697,"z":0.8058581352233887},"rotation":{"x":-0.1104830801486969,"y":-0.1011887863278389,"z":0.01179385557770729,"w":-0.9889260530471802},"size":2.6167643070220949,"orthographic":false}