{"cameraMode":{"drawMode":0,"name":"Shaded","section":"Shading Mode"},"sceneLighting":true,"audioPlay":false,"sceneViewState":{"m_AlwaysRefresh":false,"showFog":true,"showSkybox":true,"showFlares":true,"showImageEffects":true,"showParticleSystems":true,"showVisualEffectGraphs":true,"m_FxEnabled":true},"in2DMode":false,"pivot":{"x":1.3510862588882447,"y":1.7158632278442383,"z":-1.714556336402893},"rotation":{"x":0.03979576379060745,"y":-0.8481330275535584,"z":0.06386730074882508,"w":0.5247804522514343},"size":0.813840925693512,"orthographic":false}