{"cameraMode":{"drawMode":0,"name":"Shaded","section":"Shading Mode"},"sceneLighting":true,"audioPlay":false,"sceneViewState":{"m_AlwaysRefresh":false,"showFog":true,"showSkybox":true,"showFlares":true,"showImageEffects":true,"showParticleSystems":true,"showVisualEffectGraphs":true,"m_FxEnabled":true},"in2DMode":false,"pivot":{"x":0.32733801007270815,"y":0.993890106678009,"z":-0.6951264142990112},"rotation":{"x":-0.15855935215950013,"y":0.13752266764640809,"z":-0.022476794198155404,"w":-0.9776535630226135},"size":0.6493427753448486,"orthographic":false}