{"cameraMode":{"drawMode":0,"name":"Shaded","section":"Shading Mode"},"sceneLighting":true,"audioPlay":false,"sceneViewState":{"m_AlwaysRefresh":false,"showFog":true,"showSkybox":true,"showFlares":true,"showImageEffects":true,"showParticleSystems":true,"showVisualEffectGraphs":true,"m_FxEnabled":true},"in2DMode":false,"pivot":{"x":0.08699999749660492,"y":0.9269632697105408,"z":0.3091033697128296},"rotation":{"x":-0.17146563529968263,"y":0.3548952639102936,"z":-0.06617707759141922,"w":-0.9168750047683716},"size":2.178615093231201,"orthographic":false}