{"cameraMode":{"drawMode":0,"name":"Shaded","section":"Shading Mode"},"sceneLighting":true,"audioPlay":false,"sceneViewState":{"m_AlwaysRefresh":false,"showFog":true,"showSkybox":true,"showFlares":true,"showImageEffects":true,"showParticleSystems":true,"showVisualEffectGraphs":true,"m_FxEnabled":true},"in2DMode":false,"pivot":{"x":0.036762818694114688,"y":0.8649460077285767,"z":-0.17797985672950746},"rotation":{"x":-0.28258711099624636,"y":-0.4822043478488922,"z":0.1677122861146927,"w":-0.812165379524231},"size":6.922958850860596,"orthographic":false}