{"cameraMode":{"drawMode":0,"name":"Shaded","section":"Shading Mode"},"sceneLighting":true,"audioPlay":false,"sceneViewState":{"m_AlwaysRefresh":false,"showFog":true,"showSkybox":true,"showFlares":true,"showImageEffects":true,"showParticleSystems":true,"showVisualEffectGraphs":true,"m_FxEnabled":true},"in2DMode":false,"pivot":{"x":-0.012007426470518113,"y":1.5731579065322877,"z":-1.3307002782821656},"rotation":{"x":-0.11533430218696594,"y":-0.06254025548696518,"z":0.007539164274930954,"w":-0.9915999174118042},"size":1.2630130052566529,"orthographic":false}