{"cameraMode":{"drawMode":0,"name":"Shaded","section":"Shading Mode"},"sceneLighting":true,"audioPlay":false,"sceneViewState":{"m_AlwaysRefresh":false,"showFog":true,"showSkybox":true,"showFlares":true,"showImageEffects":true,"showParticleSystems":true,"showVisualEffectGraphs":true,"m_FxEnabled":true},"in2DMode":false,"pivot":{"x":-1.6749333143234254,"y":-0.6087400317192078,"z":-4.8373026847839359},"rotation":{"x":0.06085619330406189,"y":-0.9331904649734497,"z":0.29974403977394106,"w":0.18926219642162324},"size":6.812400817871094,"orthographic":false}