{"cameraMode":{"drawMode":0,"name":"Shaded","section":"Shading Mode"},"sceneLighting":true,"audioPlay":false,"sceneViewState":{"m_AlwaysRefresh":false,"showFog":true,"showSkybox":true,"showFlares":true,"showImageEffects":true,"showParticleSystems":true,"showVisualEffectGraphs":true,"m_FxEnabled":true},"in2DMode":false,"pivot":{"x":0.406013548374176,"y":2.3717854022979738,"z":-1.2799760103225709},"rotation":{"x":0.010252858512103558,"y":-0.9643403887748718,"z":0.037619806826114658,"w":0.26190510392189028},"size":6.022433757781982,"orthographic":false}