{"cameraMode":{"drawMode":0,"name":"Shaded","section":"Shading Mode"},"sceneLighting":true,"audioPlay":false,"sceneViewState":{"m_AlwaysRefresh":false,"showFog":true,"showSkybox":true,"showFlares":true,"showImageEffects":true,"showParticleSystems":true,"showVisualEffectGraphs":true,"m_FxEnabled":true},"in2DMode":false,"pivot":{"x":1.105865240097046,"y":0.7203702926635742,"z":-0.5493332743644714},"rotation":{"x":-0.03580576181411743,"y":-0.16982311010360719,"z":0.00600716145709157,"w":-0.9849884510040283},"size":1.9454158544540406,"orthographic":false}