{"cameraMode":{"drawMode":0,"name":"Shaded","section":"Shading Mode"},"sceneLighting":true,"audioPlay":false,"sceneViewState":{"m_AlwaysRefresh":false,"showFog":true,"showSkybox":true,"showFlares":true,"showImageEffects":true,"showParticleSystems":true,"showVisualEffectGraphs":true,"m_FxEnabled":true},"in2DMode":false,"pivot":{"x":1.0466506481170655,"y":0.8685566782951355,"z":0.37407761812210085},"rotation":{"x":-0.06477459520101547,"y":0.001789259142242372,"z":0.00011691037798300385,"w":-0.9980903267860413},"size":1.1124521493911744,"orthographic":false}