{"cameraMode":{"drawMode":0,"name":"Shaded","section":"Shading Mode"},"sceneLighting":true,"audioPlay":false,"sceneViewState":{"m_AlwaysRefresh":false,"showFog":true,"showSkybox":true,"showFlares":true,"showImageEffects":true,"showParticleSystems":true,"showVisualEffectGraphs":true,"m_FxEnabled":true},"in2DMode":false,"pivot":{"x":-3.434460163116455,"y":-0.02084345370531082,"z":1.6197999715805054},"rotation":{"x":0.31448230147361758,"y":-0.07736136764287949,"z":0.02569587528705597,"w":0.9458039999008179},"size":6.577445030212402,"orthographic":false}