{"cameraMode":{"drawMode":0,"name":"Shaded","section":"Shading Mode"},"sceneLighting":true,"audioPlay":false,"sceneViewState":{"m_AlwaysRefresh":false,"showFog":true,"showSkybox":true,"showFlares":true,"showImageEffects":true,"showParticleSystems":true,"showVisualEffectGraphs":true,"m_FxEnabled":true},"in2DMode":false,"pivot":{"x":-0.3856531083583832,"y":1.5437653064727784,"z":-2.0007965564727785},"rotation":{"x":0.16176053881645204,"y":-0.5229801535606384,"z":0.10181984305381775,"w":0.8307203650474548},"size":2.978517770767212,"orthographic":false}